Name,Purpose,Scores
"Vance, Michael and Stafford",Triple-buffered transitional encoding for grow impactful initiatives,-0.6486
Name: Anderson Group,Purpose: Configurable intermediate info-mediaries for empower virtual models,-0.6486
Edwards LLC,Reduced intermediate conglomeration for iterate extensible architectures,-0.6486
"Green, Holland and Bennett", Enhanced clear-thinking extranet for visualize killer e-markets,-0.6486
"'Name: Castaneda, Myers and Ray'",'Purpose: Persevering 24hour strategy for streamline user-centric relationships',-0.6486
Name: Stein Group,Purpose: Programmable clear-thinking strategy for re-intermediate collaborative e-markets,-0.6486
" ['Name: Hughes Inc', '",: Adaptive leadingedge moratorium for scale ubiquitous markets',-0.6486
'Name: Stanton-Myers',('Purpose: Exclusive tangible approach for re-intermediate efficient ''partnerships'),-0.6486
Name: Roberts Group,Purpose: Assimilated empowering middleware for orchestrate web-enabled networks,-0.4588
" ['Name: Mills, Phillips and Smith', '",: Grass-roots dynamic installation for engineer robust web services',-0.4588
Name: Tran Ltd,Purpose: Public-key bottom-line firmware for evolve proactive methodologies,-0.1027
Name: Mendoza Ltd,Purpose: Advanced 3rdgeneration benchmark for drive real-time interfaces,-0.1027
'Name: Hudson Group',('Purpose: Cross-platform background Graphic Interface for re-contextualize ''24/7 applications'),-0.1027
'Name: Gardner-Martin','Purpose: Persevering impactful frame for architect innovative metrics',0.0
'Name: Hayes-Hall','Purpose: Automated content-based paradigm for generate real-time applications',0.0
"'Name: Hall, Heath and Perez'",('Purpose: Managed 3rdgeneration artificial intelligence for optimize seamless ''ROI'),0.0
'Name: Pacheco-Adams',('Purpose: Advanced regional complexity for disintermediate open-source ''e-services'),0.0
Johnson and Sons, Public-key empowering methodology for incubate world-class interfaces,0.0
"'Name: Williams, Gomez and Butler'",('Purpose: Polarized multimedia Graphical User Interface for morph distributed ''initiatives'),0.0
'Name: Wells-Allen','Purpose: User-centric maximized hierarchy for unleash one-to-one content',0.0
'Name: Marshall-Walton',('Purpose: Adaptive interactive architecture for syndicate compelling ''communities'),0.0
'Name: Williams Group','Purpose: Optimized tangible installation for embrace distributed synergies',0.0
'Name: Hayden-Rogers','Purpose: Horizontal multi-state ability for matrix end-to-end eyeballs',0.0
'Name: Edwards-Moyer',('Purpose: Fully-configurable context-sensitive throughput for harness global ''deliverables'),0.0
'Name: Bray Inc','Purpose: Synchronized directional attitude for syndicate next-generation ROI',0.0
"'Name: Coleman, Miller and Baldwin'",('Purpose: Progressive cohesive infrastructure for innovate open-source ''functionalities'),0.0
'Name: Estes-Navarro','Purpose: User-centric stable capacity for revolutionize B2C functionalities',0.0
"'Name: Garcia, Morrison and Rios'",'Purpose: Distributed composite methodology for maximize compelling ROI',0.0
'Name: Roberts-Huff','Purpose: Networked dedicated success for synthesize turn-key communities',0.0
Name: Garrett Inc,Purpose: Multi-channeled modular Graphical User Interface for embrace killer convergence,0.0
Name: Newman Ltd,Purpose: Adaptive value-added framework for scale cross-platform bandwidth,0.0
Name: Martinez-Glass,Purpose: Inverse encompassing project for reinvent transparent applications,0.0
Name: Patterson-Stewart,Purpose: Automated systematic hierarchy for iterate end-to-end models,0.0
Name: Hughes and Sons,Purpose: Customizable local productivity for optimize open-source e-services,0.0
Name: Thompson Group,Purpose: Synchronized responsive secured line for scale real-time vortals,0.0
"Name: Lopez, Camacho and Bonilla",Purpose: Object-based asynchronous ability for innovate B2B mindshare,0.0
Name: Evans Ltd,Purpose: Team-oriented upward-trending focus group for redefine synergistic users,0.0
"'Name: Dominguez, Jackson and Clark'",('Purpose: Proactive directional encryption for unleash mission-critical ''mindshare'),0.0
'Name: Jones Ltd',('Purpose: User-friendly static customer loyalty for leverage revolutionary ''functionalities'),0.0
'Name: Vasquez-Silva','Purpose: Compatible national solution for aggregate dynamic mindshare',0.0
"'Name: Williams, Wilson and Morris'",'Purpose: Fundamental maximized initiative for harness efficient e-commerce',0.0
'Name: Weiss Group',('Purpose: Multi-channeled impactful infrastructure for evolve holistic ''web-readiness'),0.0
"'Name: Nunez, Miller and Rhodes'",('Purpose: Business-focused object-oriented toolset for envisioneer efficient ''users'),0.0
'Name: Calderon-Cooke','Purpose: Networked didactic adapter for synergize sexy technologies',0.0
'Name: Flores Inc','Purpose: Self-enabling secondary framework for target extensible e-services',0.0
"'Name: Burton, Kelly and Deleon'",'Purpose: Business-focused motivating adapter for innovate killer e-commerce',0.0
48)Chavez-Johnson,  Intuitive coherent solution for incubate cutting-edge channels,0.0
46)Williams and Sons,  Triple-buffered regional Graphic Interface for strategize ubiquitous communities,0.0
6)Johnston Group,  Public-key even-keeled complexity for embrace killer networks,0.0
"5)Khan, Blackburn and Allen",  Grass-roots impactful architecture for scale vertical partnerships,0.0
3)Griffin Ltd,  Horizontal zero-defect access for optimize 24/365 info-mediaries,0.0
"2)Gallagher, Potts and Soto",  Public-key zero administration encoding for enhance proactive channels,0.0
1)Hoffman-Ramirez,  Phased discrete concept for optimize innovative content,0.0
Name: Burns Inc,Purpose: Configurable analyzing paradigm for aggregate enterprise infrastructures,0.0
Patrick Ltd,Extended didactic workforce for matrix cross-media solutions,0.0
"Smith, Manning and Floyd",Diverse zero-defect application for syndicate impactful channels,0.0
"7)Turner, Alvarez and Hodge",  Inverse user-facing policy for cultivate distributed e-commerce,0.0
Chambers Ltd, Organic high-level neural-net for repurpose revolutionary eyeballs,0.0
Cardenas Group,Phased stable monitoring for facilitate robust architectures,0.0
"Allen, Sharp and Nguyen",Persevering local framework for facilitate extensible e-business,0.0
Garcia LLC, Re-contextualized zero-defect matrices for expedite customized deliverables,0.0
Name: Zuniga-Foster,Purpose: Profound methodical adapter for enhance user-centric methodologies,0.0
Rodriguez PLC,Integrated object-oriented moratorium for aggregate vertical paradigms,0.0
"Patterson, Suarez and Clark",Synchronized radical Internet solution for envisioneer viral technologies,0.0
Williams-Phillips, Ergonomic local synergy for brand user-centric markets,0.0
Name: Campbell Inc,Purpose: Phased clear-thinking firmware for redefine visionary infrastructures,0.0
Name: Murphy and Sons,Purpose: Extended stable parallelism for drive back-end e-commerce,0.0
'Name: Pennington and Sons','Purpose: Proactive neutral definition for utilize wireless deliverables',0.0
8)Bradley-Wilcox,  Streamlined systematic paradigm for innovate rich supply-chains,0.0
10)Bridges PLC,  Realigned tertiary orchestration for unleash wireless technologies,0.0
44)Blair PLC,  Business-focused optimal secured line for whiteboard proactive networks,0.0
"41)Hart, Armstrong and Arroyo",  Enhanced responsive architecture for whiteboard compelling convergence,0.0
40)Robinson-Hall,  Optimized encompassing algorithm for transition next-generation mindshare,0.0
39)Thompson-Velasquez,  Cross-group asymmetric ability for architect best-of-breed e-markets,0.0
"38)Rose, Wilson and Conrad",  Function-based clear-thinking matrices for reinvent real-time users,0.0
35)Jones PLC,  Up-sized next generation help-desk for deliver intuitive convergence,0.0
"31)Harper, Robinson and Carson",  Programmable value-added intranet for drive 24/365 portals,0.0
30)Ballard-Watkins,  Function-based value-added policy for scale global infrastructures,0.0
9)Garcia-Gomez,  Cross-group next generation forecast for target mission-critical info-mediaries,0.0
"29)Johnson, Brown and Freeman",  Cross-platform tangible capacity for architect synergistic deliverables,0.0
"27)Rivera, Thompson and Brown",  Up-sized impactful success for syndicate frictionless solutions,0.0
26)Watson Ltd,  Function-based responsive time-frame for embrace compelling convergence,0.0
25)Berry Ltd,  Distributed 6thgeneration encoding for synthesize wireless e-business,0.0
23)Jones and Sons,  Compatible attitude-oriented core for empower global infrastructures,0.0
20)Torres-Durham,  Synchronized bi-directional model for seize synergistic functionalities,0.0
18)Ellis LLC,  Polarized real-time encryption for evolve clicks-and-mortar methodologies,0.0
13)Ryan-Hernandez,  Down-sized 24hour toolset for deliver enterprise platforms,0.0
12)Cortez PLC,  Managed attitude-oriented migration for whiteboard holistic schemas,0.0
"28)Mann, Shaw and Hines",  Cross-platform content-based frame for evolve e-business e-business,0.0
Name: Johnson-Gallagher,Purpose: Synchronized grid-enabled project for empower visionary eyeballs,0.0
Name: Williams-Henderson,Purpose: Profit-focused fresh-thinking open system for drive open-source content,0.0
Name: Olson-Zimmerman,Purpose: Programmable modular customer loyalty for benchmark enterprise e-business,0.0
" ['Name: Ellison, Jackson and Wilkins', '",: Configurable impactful project for synergize cross-media systems',0.0
" ['Name: Nichols PLC', '",: Organic dynamic alliance for morph 24/365 applications',0.0
"[['Name: Booth LLC', '",: Robust actuating capability for utilize cutting-edge applications',0.0
"Name: Allen, Evans and Patel,",: Front-line upward-trending throughput for e-enable viral infrastructures,0.0
"Name: Cox, Livingston and Davis,",: Total non-volatile firmware for grow world-class networks,0.0
"Name: Wilson-Hernandez,",: Open-architected bottom-line conglomeration for harness end-to-end info-mediaries,0.0
"Name: Castro-Carlson,",: Advanced intermediate solution for harness B2B supply-chains,0.0
"Name: Weiss-Hernandez,",: Customizable background help-desk for productize collaborative metrics,0.0
"Name: Hall, Jackson and Robertson,",: Down-sized modular website for synthesize virtual ROI,0.0
"Name: Taylor Ltd,",: Progressive mobile info-mediaries for benchmark bleeding-edge niches,0.0
"Name: Andrews Group,",: Total eco-centric interface for whiteboard killer mindshare,0.0
"Name: Cox-Sandoval,",: Reactive optimal solution for generate e-business metrics,0.0
"Name: Clark Ltd,",: Business-focused fault-tolerant initiative for visualize dot-com e-services,0.0
"Name: Rice, Holden and Gomez,",: Switchable methodical budgetary management for expedite proactive networks,0.0
"Name: Woods Inc,",: Distributed well-modulated utilization for morph cross-platform content,0.0
"Name: Peck, Kelley and Gordon,",: Phased exuding service-desk for revolutionize user-centric architectures,0.0
"Name: Arnold, Parker and Fischer,",: Automated value-added strategy for cultivate granular relationships,0.0
" ['Name: Woods PLC', '",: Reduced bandwidth-monitored model for leverage cross-media networks',0.0
" ['Name: Dillon, Rogers and Coleman', '",: Monitored fresh-thinking algorithm for generate B2C partnerships',0.0
" ['Name: Willis-Santiago', '",: User-friendly discrete implementation for synergize extensible methodologies',0.0
" ['Name: Landry, Eaton and Butler', '",: Digitized client-server Graphic Interface for grow plug-and-play infrastructures',0.0
" ['Name: Delgado and Sons', '",: Extended discrete capacity for generate clicks-and-mortar partnerships',0.0
" ['Name: Castillo Ltd', '",: Versatile grid-enabled ability for grow killer web services',0.0
" ['Name: Jackson-Martinez', '",: Ergonomic cohesive Internet solution for envisioneer sexy initiatives',0.0
" ['Name: Diaz-Leach', '",: Future-proofed human-resource Graphic Interface for reinvent scalable paradigms',0.0
" ['Name: Lane Inc', '",: Enhanced zero administration solution for unleash seamless platforms',0.0
" ['Name: Wilson LLC', '",: Business-focused methodical interface for facilitate open-source content',0.0
" ['Name: Olson LLC', '",: Synergized intermediate neural-net for maximize 24/365 portals',0.0
" ['Name: Anthony, Estrada and Romero', '",: Reactive multimedia emulation for synergize world-class synergies',0.0
"Name: Wilson-Brown,",: Enterprise-wide analyzing architecture for disintermediate cross-media eyeballs,0.0
" ['Name: Williams-Ortega', '",: Compatible dedicated budgetary management for streamline frictionless architectures',0.0
" ['Name: Weiss Group', '",: Integrated next generation contingency for enhance collaborative info-mediaries',0.0
" ['Name: Todd-Wiggins', '",: Total bifurcated framework for enable mission-critical metrics',0.0
" ['Name: Molina LLC', '",: Synchronized exuding secured line for revolutionize visionary partnerships',0.0
" ['Name: Schultz Group', '",: Secured holistic secured line for evolve scalable functionalities',0.0
" ['Name: Bryant-Johnson', '",: Organized value-added customer loyalty for productize holistic models',0.0
" ['Name: Wheeler-Johnson', '",: Seamless multi-state software for productize integrated e-business',0.0
" ['Name: Taylor, Walters and Wall', '",: Innovative 4thgeneration Graphic Interface for strategize sexy deliverables',0.0
" ['Name: Wilkinson, Garcia and Elliott', '",: Robust zero-defect analyzer for productize compelling platforms',0.0
" ['Name: Collins and Sons', '",: Digitized impactful policy for enhance world-class markets',0.0
Name: Prince-Johnson,Purpose: Realigned static support for mesh e-business solutions,0.0
"Name: Chavez-Short,",: Progressive local database for seize e-business content,0.0
"Name: Johnson Ltd,",: Synchronized clear-thinking artificial intelligence for cultivate efficient interfaces,0.0
"Name: Duran, Johnson and Stephens",Purpose: Business-focused bottom-line instruction set for streamline world-class e-commerce,0.0
Name: Cox and Sons,Purpose: Multi-layered bandwidth-monitored superstructure for benchmark 24/365 metrics,0.0
Name: Russell-Smith,Purpose: Total radical function for enable enterprise relationships,0.0
"Name: Johnston, Crawford and Richardson",Purpose: Virtual system-worthy solution for aggregate B2B solutions,0.0
Name: Stark Ltd,Purpose: Innovative demand-driven challenge for streamline sticky niches,0.0
Name: Garcia LLC,Purpose: Customer-focused system-worthy migration for enhance out-of-the-box paradigms,0.0
Name: Nguyen-Welch,Purpose: Multi-lateral clear-thinking middleware for enhance back-end functionalities,0.0
Name: Gilmore and Sons,Purpose: Function-based global secured line for implement robust interfaces,0.0
Name: Oconnell-Watson,Purpose: Proactive regional open system for streamline distributed users,0.0
Name: Williams PLC,Purpose: Synchronized background service-desk for syndicate real-time e-markets,0.0
"Name: Collins, Mahoney and Taylor",Purpose: Assimilated interactive synergy for evolve bricks-and-clicks architectures,0.0
Name: Hurst PLC,Purpose: Grass-roots intermediate benchmark for unleash out-of-the-box relationships,0.0
Name: Kim LLC,Purpose: Profit-focused dynamic knowledgebase for enhance cross-platform systems,0.0
Name: Cherry-Bentley,Purpose: Universal high-level utilization for embrace frictionless mindshare,0.0
Name: Roberts Group,Purpose: Organized zero administration concept for re-contextualize back-end e-tailers,0.0
"Name: Smith, Soto and Simpson",Purpose: Diverse intermediate Graphic Interface for synergize bricks-and-clicks communities,0.0
"Miller, Jensen and Nash",User-centric bifurcated analyzer for synthesize interactive infrastructures,0.0
Name: White-Everett,Purpose: Reverse-engineered client-driven functionalities for maximize proactive partnerships,0.0
Name: Cortez-Mcpherson,Purpose: Cross-platform fresh-thinking Graphical User Interface for morph extensible deliverables,0.0
"Name: Allen, Thomas and Martinez",Purpose: Triple-buffered incremental core for syndicate best-of-breed applications,0.0
Name: Owen PLC,Purpose: Adaptive non-volatile definition for iterate rich supply-chains,0.0
"Name: Rivas, Young and Davis,",: Compatible 4thgeneration ability for transform next-generation e-tailers,0.0
Name: Bryant LLC,Purpose: Cross-platform explicit hardware for integrate world-class systems,0.0
Name: Green Inc,Purpose: Triple-buffered human-resource knowledge user for cultivate dot-com action-items,0.0
"Name: Small, Huffman and Riley",Purpose: Team-oriented analyzing collaboration for enhance efficient models,0.0
Name: Cardenas Inc,Purpose: Switchable non-volatile support for grow transparent e-business,0.0
Name: Cummings-Anderson,Purpose: Focused upward-trending budgetary management for deliver next-generation infrastructures,0.0
Name: Contreras-Hernandez,Purpose: Proactive zero-defect middleware for monetize holistic bandwidth,0.0
Name: Alexander-Johnson,Purpose: Team-oriented regional throughput for repurpose strategic info-mediaries,0.0
"Name: Sanders-Hernandez,",: Progressive local system engine for drive scalable technologies,0.0
Name: Johnson PLC,Purpose: Polarized 5thgeneration policy for incubate world-class interfaces,0.0
Name: Foster-Dean,Purpose: Programmable 4thgeneration conglomeration for unleash value-added info-mediaries,0.0
"Name: Day, Williams and Diaz",Purpose: De-engineered zero tolerance secured line for morph robust models,0.0
Name: Cooper Inc,Purpose: Integrated clear-thinking groupware for iterate virtual markets,0.0
"Name: Castro, Phillips and Fisher",Purpose: Ameliorated context-sensitive project for incubate out-of-the-box web services,0.0
Name: Warner-Chambers,Purpose: Fundamental intermediate help-desk for exploit transparent schemas,0.0
Name: Duncan and Sons,Purpose: Phased content-based hardware for extend front-end vortals,0.0
Name: Herrera-Hartman,Purpose: Assimilated zero administration customer loyalty for integrate 24/365 action-items,0.0
"Name: Shepherd, Anderson and Hardy",Purpose: Re-engineered stable neural-net for innovate synergistic portals,0.0
"Name: Jordan, Rogers and Henson",Purpose: Extended even-keeled capability for embrace holistic content,0.0
Rodriguez and Sons,Programmable 24hour utilization for enhance front-end e-commerce,0.0
49)Hopkins-Wilson,  Customer-focused global website for monetize out-of-the-box paradigms,0.0
Walton-Dixon,Progressive modular focus group for visualize B2C ROI,0.0
"Schwartz, Neal and Garcia",Advanced impactful Local Area Network for enhance one-to-one functionalities,0.0
Garcia and Sons, Profit-focused encompassing infrastructure for grow seamless e-tailers,0.0
Sampson LLC,Re-contextualized content-based hierarchy for aggregate clicks-and-mortar vortals,0.0
Landry-Schmidt,Inverse content-based process improvement for envisioneer plug-and-play models,0.0
"Name: Bowman, Jones and Davis",Purpose: Realigned coherent success for redefine magnetic e-markets,0.0
"Lopez, King and Bowers",Optional cohesive neural-net for unleash open-source users,0.0
"Wolfe, Martinez and Alvarado", Vision-oriented didactic help-desk for unleash web-enabled users,0.0
"Buchanan, Thompson and Frye", Sharable 6thgeneration attitude for synthesize back-end initiatives,0.0
Blake-Lee,Reduced bottom-line pricing structure for repurpose end-to-end communities,0.0
Hicks-Lewis,Persistent zero tolerance synergy for productize distributed models,0.0
"Name: Jones, Chaney and Santana",Purpose: Optional composite info-mediaries for engineer dot-com e-tailers,0.0
Thompson-Roy, Public-key human-resource policy for reinvent extensible platforms,0.0
Martin-Thomas,Horizontal coherent product for generate best-of-breed markets,0.0
King-Washington,Reverse-engineered mobile middleware for expedite cross-media vortals,0.0
Name: Solomon Ltd,Purpose: User-friendly needs-based hub for drive real-time e-commerce,0.0
"Leach, Schwartz and Adams", Monitored eco-centric Local Area Network for streamline cross-media experiences,0.0
Gray Ltd,Managed multimedia framework for incentivize cross-media schemas,0.0
Castillo PLC,Vision-oriented well-modulated capacity for leverage world-class web services,0.0
"Name: Coffey, Barron and Morse",Purpose: Front-line regional artificial intelligence for synthesize turn-key eyeballs,0.0
Name: Jones Group,Purpose: Seamless system-worthy process improvement for orchestrate B2B metrics,0.0
Blackburn-Adams,Profound coherent customer loyalty for unleash 24/365 bandwidth,0.0
Mayer-Davis,Stand-alone transitional system engine for architect sticky deliverables,0.0
Bennett Inc, Diverse systemic extranet for iterate end-to-end channels,0.0
Name: Spencer-Black,Purpose: Realigned zero-defect ability for mesh end-to-end technologies,0.0
Thomas and Sons, Grass-roots next generation Graphical User Interface for utilize front-end action-items,0.0
"Name: Pugh, Lewis and Williams",Purpose: Exclusive analyzing intranet for evolve global portals,0.0
Carroll Group,Horizontal national capability for extend bricks-and-clicks platforms,0.0
"Guerrero, Fischer and Reyes",Intuitive uniform encryption for deploy back-end bandwidth,0.0
Maldonado-Curtis,Switchable background customer loyalty for whiteboard impactful eyeballs,0.0
Name: Ross PLC,Purpose: Reverse-engineered local alliance for re-contextualize holistic networks,0.0
Trevino-Wells, Persistent even-keeled matrix for envisioneer B2B e-services,0.0
"Smith, Richardson and Wright",Devolved homogeneous projection for embrace integrated e-commerce,0.0
Wood PLC,Vision-oriented tertiary instruction set for streamline compelling ROI,0.0
"Avila, Morales and Stanton",Total bifurcated portal for aggregate frictionless synergies,0.0
Moreno LLC, Reverse-engineered web-enabled parallelism for deliver value-added niches,0.0
"Robinson, Reed and Ashley",Profit-focused even-keeled open architecture for harness innovative metrics,0.0
"Reese, Lynn and Smith", Synergistic 6thgeneration project for maximize real-time methodologies,0.0
Walter PLC,Fundamental explicit extranet for enable integrated action-items,0.0
Morgan-Moreno, Total tangible architecture for reinvent revolutionary communities,0.0
Name: Graham LLC,Purpose: Optimized encompassing toolset for generate scalable paradigms,0.0
Briggs and Sons, Multi-layered web-enabled paradigm for syndicate cutting-edge applications,0.0
Name: Carlson-Ramsey,Purpose: Optimized leadingedge protocol for whiteboard plug-and-play networks,0.0
Name: Cole Inc,Purpose: Synergized composite capacity for integrate value-added functionalities,0.0
"Huffman, Norton and Cantu",Cloned client-driven system engine for envisioneer killer mindshare,0.0
Walker Group,Self-enabling asynchronous encryption for embrace revolutionary functionalities,0.0
Alexander-Moore,Grass-roots secondary benchmark for optimize user-centric deliverables,0.0
Name: Jones-Flores,Purpose: Reduced upward-trending portal for streamline collaborative e-commerce,0.0
Powell Ltd,Enterprise-wide intangible contingency for extend frictionless infrastructures,0.0
"King, Delgado and Pena",Robust user-facing standardization for utilize one-to-one interfaces,0.0
"Name: Walton, Webb and Watkins",Purpose: Front-line value-added circuit for architect synergistic models,0.0
Gates Inc, Realigned static model for reinvent frictionless channels,0.0
"Mahoney, Cooper and Hernandez", Organized zero-defect conglomeration for harness impactful web services,0.0
Johnson-Washington, Organized encompassing definition for syndicate web-enabled niches,0.0
Cannon LLC,Reduced asymmetric paradigm for integrate global content,0.0
Conway-Massey,Profound homogeneous parallelism for redefine extensible users,0.0
Name: Davis-Hernandez,Purpose: Triple-buffered methodical synergy for re-intermediate back-end channels,0.0
Hill PLC,Self-enabling global firmware for synergize web-enabled eyeballs,0.0
Newton Inc,Synergistic client-driven hierarchy for integrate next-generation mindshare,0.0
Name: Grimes Inc,Purpose: De-engineered secondary support for visualize robust architectures,0.0
Dean Ltd, Intuitive local synergy for drive integrated technologies,0.0
Barnes Ltd,Face-to-face context-sensitive capability for integrate sticky mindshare,0.0
"Name: Murillo, Johnson and Garrett",Purpose: Polarized impactful open architecture for integrate plug-and-play e-tailers,0.0
"Name: Meadows, Vazquez and Martin",Purpose: Re-contextualized value-added portal for iterate back-end bandwidth,0.0
Name: Simmons and Sons,Purpose: Visionary explicit model for cultivate value-added info-mediaries,0.0
Skinner Ltd,Networked coherent firmware for implement dynamic supply-chains,0.0
Knight Inc,Fundamental global help-desk for integrate web-enabled infrastructures,0.0
"Harrison, Garcia and Patterson",Cross-platform global methodology for visualize ubiquitous convergence,0.0
Name: Mcintyre Ltd,Purpose: Realigned actuating data-warehouse for brand proactive communities,0.0
"Garcia, Myers and Rogers",Synchronized content-based monitoring for synthesize cutting-edge models,0.0
Miller-Smith, Multi-channeled human-resource conglomeration for integrate user-centric eyeballs,0.0
Cardenas Inc,Cross-group discrete leverage for harness B2B applications,0.0
Schwartz PLC,Polarized high-level software for morph strategic deliverables,0.0
Name: Butler Group,Purpose: Face-to-face needs-based secured line for scale strategic users,0.0
Winters Group, Switchable modular utilization for morph front-end platforms,0.0
Prince PLC, Total mission-critical standardization for transition next-generation interfaces,0.0
Bradley LLC, Integrated actuating open architecture for expedite B2B supply-chains,0.0
Haas-Davis,Networked web-enabled software for re-intermediate transparent infrastructures,0.0
"Name: Vance, Patel and Winters",Purpose: Synergized 4thgeneration instruction set for unleash cross-media systems,0.0
"Mitchell, Olson and Alexander", Sharable local analyzer for whiteboard cutting-edge eyeballs,0.0
"Jones, Jones and Webb", Programmable national firmware for facilitate web-enabled networks,0.0
Palmer-Williams,Realigned scalable model for utilize interactive e-markets,0.0
Pope and Sons,Horizontal asymmetric Local Area Network for seize sticky bandwidth,0.0
Name: Willis and Sons,Purpose: Team-oriented holistic neural-net for productize killer partnerships,0.0
"Turner, Jackson and Santos", Inverse demand-driven firmware for deliver e-business relationships,0.0
"Brown, Chambers and Santos",Customer-focused multimedia knowledge user for synthesize best-of-breed relationships,0.0
"Anderson, Smith and Cox",Multi-tiered even-keeled matrix for synthesize back-end platforms,0.0
Name: Davis-Hernandez,Purpose: Open-architected multi-tasking attitude for leverage B2B supply-chains,0.0
Name: Robles-Kerr,Purpose: Configurable fresh-thinking Graphical User Interface for transform e-business models,0.0
Massey-Atkinson,Ameliorated systematic database for expedite value-added e-commerce,0.0
Barajas LLC,Exclusive human-resource success for envisioneer robust technologies,0.0
Cruz Inc,Fundamental intangible neural-net for extend visionary solutions,0.0
Schmidt-Brown,Open-architected grid-enabled projection for deploy next-generation content,0.0
"Montoya, Camacho and Harrison",Compatible bottom-line structure for grow vertical e-services,0.0
Name: Reyes PLC,Purpose: Customizable methodical migration for unleash best-of-breed convergence,0.0
Hoffman Ltd, Self-enabling encompassing hardware for empower magnetic platforms,0.0
Oliver-Dickerson,Business-focused executive help-desk for grow cross-platform relationships,0.0
Coleman-Lopez,Managed composite structure for implement out-of-the-box models,0.0
Davis Group,Grass-roots 4thgeneration customer loyalty for engineer frictionless web-readiness,0.0
Castillo Group, Configurable grid-enabled toolset for visualize viral systems,0.0
"Name: Martin, Hines and Clark",Purpose: Customizable user-facing solution for harness scalable e-services,0.128
'Name: Ramos and Sons','Purpose: Re-engineered dedicated paradigm for cultivate intuitive users',0.128
Name: Hobbs Inc,Purpose: Horizontal value-added protocol for engage mission-critical technologies,0.1531
Name: Stevens-King,Purpose: Reduced didactic interface for grow next-generation e-business,0.1531
"Name: Winters, Daniels and Mathews",Purpose: Optional homogeneous portal for harness 24/7 web-readiness,0.1531
" ['Name: Turner-Rush', '",: Profound actuating neural-net for drive end-to-end info-mediaries',0.1531
Name: Newton Ltd,Purpose: Ameliorated leadingedge throughput for utilize 24/7 initiatives,0.1531
'Name: Estrada-Harvey','Purpose: Balanced local hub for engineer granular mindshare',0.1779
'Name: Garcia Group','Purpose: Seamless directional hub for streamline leading-edge portals',0.1779
"17)Hensley, Johnson and Martinez",  Upgradable value-added neural-net for unleash impactful partnerships,0.2263
4)Morales-Frey,  Progressive value-added productivity for benchmark frictionless synergies,0.2263
"Name: Tran-Morris,",: Operative exuding neural-net for matrix value-added vortals,0.2263
Name: Rivera-Boyer,Purpose: Polarized empowering extranet for drive extensible e-services,0.2263
"Name: Tate-Smith,",: Persevering methodical data-warehouse for utilize extensible schemas,0.2263
" ['Name: Murray, Smith and Shaw', '",: Open-source hybrid structure for innovate real-time portals',0.25
"Name: Ferguson, Brown and Floyd,",: Devolved zero administration middleware for deploy transparent info-mediaries,0.25
'Name: Curry-Jones','Purpose: Balanced responsive superstructure for cultivate e-business models',0.25
"Name: Smith, Richardson and Johnson,",: Configurable fault-tolerant infrastructure for transition collaborative communities,0.25
"Name: Woods, Campbell and Ramos,",: Persistent systemic solution for embrace turn-key schemas,0.2732
Name: Diaz-Ross,Purpose: Configurable explicit customer loyalty for brand dynamic models,0.296
Henderson and Sons,Universal global definition for leverage best-of-breed e-commerce,0.296
Myers and Sons,Organized upward-trending methodology for facilitate dynamic metrics,0.296
"Name: Hunter, Harris and Tyler",Purpose: Expanded secondary open system for drive integrated platforms,0.296
Name: Hernandez-Garcia,Purpose: Multi-lateral dynamic focus group for facilitate mission-critical functionalities,0.296
"Harris, Young and Burns", Inverse stable interface for facilitate leading-edge e-business,0.296
"Name: Lambert-Phillips,",: Profound secondary toolset for generate synergistic applications,0.296
'Name: Turner and Sons','Purpose: Advanced clear-thinking conglomeration for harness dynamic portals',0.296
Le-Brock,Team-oriented clear-thinking productivity for grow value-added e-services,0.296
Holmes-Jacobs,Cloned demand-driven Internet solution for engineer seamless initiatives,0.296
Gonzalez-Strickland, Realigned zero tolerance intranet for iterate collaborative applications,0.296
Decker-Grant,Customizable high-level encryption for engineer open-source partnerships,0.3182
"Name: Tyler-Gill,",: De-engineered interactive function for architect 24/7 supply-chains,0.3182
Name: Taylor LLC,Purpose: Visionary exuding collaboration for engineer frictionless e-commerce,0.3182
"Name: Patel, Chapman and Chapman,",: Universal client-server customer loyalty for embrace distributed functionalities,0.3182
Name: Lynn-Alvarado,Purpose: Front-line high-level toolset for leverage seamless portals,0.3182
" ['Name: Jackson PLC', '",: Digitized content-based methodology for mesh revolutionary metrics',0.3182
Name: Joseph-Warren,Purpose: Decentralized explicit approach for streamline one-to-one infrastructures,0.3182
Name: Marshall Inc,Purpose: Object-based cohesive circuit for matrix turn-key architectures,0.3182
Name: Mcgee Inc,Purpose: Re-engineered client-server product for target cross-platform users,0.3182
Name: Stevenson-Copeland,Purpose: Future-proofed multi-state artificial intelligence for incentivize 24/365 platforms,0.3182
32)Jones-Bailey,  Compatible full-range collaboration for deploy collaborative supply-chains,0.3182
" ['Name: Wood, Morris and Rose', '",: Inverse empowering encoding for utilize plug-and-play e-services',0.3182
"Name: Robinson, Kelly and Gonzalez,",: User-centric 3rdgeneration contingency for facilitate mission-critical web-readiness,0.3182
Hernandez PLC,User-centric homogeneous application for whiteboard best-of-breed e-tailers,0.3182
Hanna Group,Team-oriented grid-enabled workforce for enhance magnetic applications,0.3182
'Name: Perry and Sons','Purpose: Realigned zero-defect conglomeration for generate back-end portals',0.3182
Mcdonald and Sons, Self-enabling logistical toolset for embrace user-centric schemas,0.3182
Name: Ferrell-Caldwell,Purpose: Horizontal mobile utilization for facilitate back-end models,0.3182
"'Name: Downs, Knapp and Tapia'",'Purpose: Future-proofed value-added forecast for mesh rich users',0.3182
Rice and Sons,Enhanced regional infrastructure for monetize value-added e-tailers,0.3182
45)Dudley LLC,  Inverse multi-state focus group for incubate holistic systems,0.3182
Harper-Rubio, Team-oriented heuristic complexity for embrace enterprise interfaces,0.3182
Yu-Mckenzie,Ergonomic asynchronous interface for facilitate leading-edge partnerships,0.34
Boyd Ltd,Universal demand-driven Graphical User Interface for monetize enterprise methodologies,0.34
15)Anderson-Underwood,  Down-sized upward-trending initiative for enhance scalable experiences,0.34
" ['Name: Ford, Johnson and Marshall', '",: Multi-tiered explicit data-warehouse for strategize efficient metrics',0.34
"24)Kelley, Gomez and Hood",  Business-focused methodical framework for synergize open-source applications,0.34
"Name: Bernard, Wolf and Nicholson,",: Cross-platform zero tolerance customer loyalty for innovate value-added e-markets,0.34
"Name: Casey, Johnson and Gray",Purpose: Compatible intermediate forecast for evolve out-of-the-box web services,0.34
Henderson Inc, Stand-alone 6thgeneration encryption for engage cutting-edge e-tailers,0.34
42)Palmer PLC,  Integrated dedicated architecture for integrate leading-edge mindshare,0.34
"Name: Kelley, Mccarty and Padilla",Purpose: Organized fault-tolerant encryption for reinvent rich interfaces,0.34
Name: Smith-Thompson,Purpose: Self-enabling foreground algorithm for revolutionize 24/365 niches,0.3612
Name: Taylor Ltd,Purpose: Reactive eco-centric solution for incentivize impactful bandwidth,0.3612
Hill-Trujillo,Down-sized leadingedge software for productize end-to-end e-tailers,0.3612
"Name: Fernandez LLC,",: Enhanced even-keeled encoding for utilize value-added applications,0.3612
Smith-Farmer,Up-sized object-oriented utilization for exploit frictionless initiatives,0.3612
Name: Cooper-Guerrero,Purpose: Down-sized exuding hardware for syndicate proactive schemas,0.3612
Bates-Johnson,Distributed didactic portal for mesh integrated synergies,0.3612
"Bautista, Swanson and Vaughan",Horizontal multimedia matrix for engage out-of-the-box communities,0.3612
Moore-Evans, Devolved responsive instruction set for iterate value-added mindshare,0.3612
Lee and Sons, Stand-alone optimal strategy for engineer ubiquitous supply-chains,0.3612
" ['Name: Franklin, Rubio and Mitchell', '",: Implemented foreground info-mediaries for optimize cross-media experiences',0.3818
'Name: Tran-Burns','Purpose: Advanced tertiary hierarchy for redefine web-enabled bandwidth',0.3818
" ['Name: Barr LLC', '",: Synergized attitude-oriented productivity for synthesize killer synergies',0.3818
Name: Bates LLC,Purpose: Diverse 6thgeneration emulation for aggregate distributed portals,0.3818
"37)Patterson, Gordon and Martinez",  Assimilated local database for whiteboard user-centric e-business,0.3818
"Hicks, Graham and Craig", Cloned 6thgeneration attitude for envisioneer dynamic synergies,0.3818
"Mcclain, Mccarthy and Lozano",Upgradable clear-thinking data-warehouse for drive killer convergence,0.3818
"Name: Dickerson, Henry and Estrada",Purpose: Seamless homogeneous parallelism for disintermediate B2B paradigms,0.3818
Name: Miller Ltd,Purpose: Realigned bi-directional process improvement for extend integrated e-markets,0.3818
" ['Name: Conrad Group', '",: Up-sized local orchestration for e-enable magnetic convergence',0.3818
Hess LLC,Triple-buffered value-added customer loyalty for deploy sticky systems,0.3818
" ['Name: Hubbard-Bishop', '",: Optional grid-enabled portal for brand clicks-and-mortar bandwidth',0.4019
Name: Warner-Morris,Purpose: Multi-channeled bandwidth-monitored portal for evolve out-of-the-box content,0.4019
"11)Smith, Gomez and Ellison",  Distributed optimal analyzer for orchestrate clicks-and-mortar e-business,0.4019
"Name: Ellison, Henderson and Burns",Purpose: Devolved logistical open architecture for incentivize innovative info-mediaries,0.4215
"Name: Wong, Williams and Moreno,",: Quality-focused tangible software for exploit world-class applications,0.4215
"Name: Zhang-Hill,",: Ergonomic directional hub for revolutionize end-to-end models,0.4215
"Name: Martinez-Miles,",: Reactive context-sensitive leverage for optimize e-business supply-chains,0.4215
43)Reese-Sullivan,  Cross-platform motivating paradigm for productize collaborative convergence,0.4215
" ['Name: Reid, Davila and Gonzales', '",: Reverse-engineered even-keeled architecture for enhance best-of-breed initiatives',0.4215
"Name: Fritz Group,",: Robust directional functionalities for morph open-source users,0.4215
'Name: Barnes-Griffin',('Purpose: Switchable eco-centric throughput for revolutionize plug-and-play ''e-business'),0.4215
"Name: West, Melendez and Edwards,",: Synergized heuristic algorithm for evolve plug-and-play networks,0.4215
" ['Name: Jackson-Jacobs', '",: Visionary coherent hardware for re-intermediate granular mindshare',0.4215
'Name: Wallace LLC','Purpose: Innovative client-server alliance for target distributed solutions',0.4215
Name: Roberts Ltd,Purpose: Synergistic methodical superstructure for syndicate B2B e-business,0.4215
'Name: Pratt-Hoffman','Purpose: Multi-lateral encompassing contingency for enable proactive vortals',0.4215
"Name: Taylor, Daniels and Taylor",Purpose: Up-sized global conglomeration for harness strategic deliverables,0.4215
'Name: Holmes LLC','Purpose: Robust homogeneous forecast for re-intermediate vertical interfaces',0.4404
Farley Group,Ergonomic dedicated function for scale customized action-items,0.4404
"Donovan, Martinez and Houston",Re-engineered even-keeled framework for transform viral e-services,0.4404
"Name: Mclean and Sons,",: Open-architected modular ability for integrate turn-key methodologies,0.4404
"'Name: Le, Contreras and Campbell'",'Purpose: Horizontal bi-directional policy for benchmark granular experiences',0.4404
Shaw-Simmons, User-friendly discrete toolset for implement innovative networks,0.4404
"Name: Mendoza, Cooper and Davis",Purpose: Assimilated needs-based concept for embrace dynamic supply-chains,0.4404
"Name: Craig, Weber and Wolfe,",: Down-sized didactic implementation for grow transparent e-services,0.4404
"19)Chase, Murphy and Wise",  Vision-oriented leadingedge Local Area Network for synergize customized ROI,0.4404
"Name: Casey, Perez and Myers",Purpose: Optimized intermediate policy for facilitate enterprise technologies,0.4588
Name: Rivera-Browning,Purpose: Focused asynchronous encryption for e-enable plug-and-play web services,0.4588
'Name: Nelson Group',('Purpose: Configurable 3rdgeneration superstructure for incentivize rich ''channels'),0.4588
Hicks-Hayes, Phased dedicated paradigm for benchmark front-end e-tailers,0.4588
"Name: Johnson, Morgan and Lopez",Purpose: Streamlined secondary strategy for benchmark web-enabled e-business,0.4588
'Name: Reed-Wolfe','Purpose: Optional 24/7 implementation for enable sticky applications',0.4588
'Name: Ball and Sons',('Purpose: Quality-focused asymmetric toolset for harness bleeding-edge ''platforms'),0.4588
"Name: Lang, Brown and Rodriguez",Purpose: Inverse incremental emulation for visualize cutting-edge ROI,0.4588
"'Name: Oconnor, Scott and Harmon'",'Purpose: Adaptive grid-enabled ability for deploy collaborative architectures',0.4588
"Name: Mccoy, Miller and Schmidt",Purpose: Upgradable hybrid knowledgebase for unleash frictionless web services,0.4588
Jacobson Ltd, Vision-oriented optimizing monitoring for synthesize next-generation relationships,0.4588
"Gregory, Dawson and Davila",Synergized secondary task-force for facilitate visionary web services,0.4588
Levy-Garrison,Proactive multi-tasking approach for mesh next-generation vortals,0.4588
Name: Pearson-Bass,Purpose: Programmable asymmetric open system for deploy interactive users,0.4588
Name: Romero Group,Purpose: Profit-focused asynchronous structure for monetize bleeding-edge users,0.4588
Name: Hubbard LLC,Purpose: Organic real-time customer loyalty for leverage cutting-edge e-markets,0.4588
Rivera-Flores,Proactive client-server interface for expedite out-of-the-box ROI,0.4588
"Name: Baker-Johnson,",: Horizontal grid-enabled function for seize global networks,0.4588
Lester-Floyd,Organized intermediate portal for facilitate visionary action-items,0.4588
Name: Jones-Summers,Purpose: Visionary bi-directional structure for strategize 24/365 infrastructures,0.4588
" ['Name: Knight, White and Taylor', '",: Total bifurcated frame for matrix clicks-and-mortar info-mediaries',0.4588
Name: Reed Ltd,Purpose: Compatible impactful core for redefine dot-com networks,0.4588
Name: Diaz Inc,Purpose: Switchable optimizing policy for reinvent wireless metrics,0.4767
"Name: Clark, Baker and White",Purpose: User-friendly analyzing product for disintermediate end-to-end architectures,0.4767
"Thompson, Caldwell and Molina",Centralized tertiary firmware for maximize compelling niches,0.4939
"16)Hernandez, Goodwin and Montgomery",  User-friendly grid-enabled solution for engineer interactive supply-chains,0.4939
"34)Jones, Anderson and Hamilton",  Up-sized 6thgeneration website for utilize out-of-the-box mindshare,0.4939
"Name: Bird, Parker and Cole,",: Future-proofed clear-thinking approach for harness B2B web-readiness,0.4939
"Russell, Cherry and Reynolds", Versatile motivating encryption for productize one-to-one interfaces,0.4939
Cruz-Powell,De-engineered 5thgeneration database for morph proactive platforms,0.4939
Name: Diaz-Parker,Purpose: Digitized motivating encryption for transition bleeding-edge relationships,0.4939
Carlson-Carpenter, Configurable explicit architecture for optimize seamless info-mediaries,0.4939
James-Deleon,Secured heuristic focus group for evolve e-business systems,0.4939
Brooks-Reynolds,Innovative full-range structure for incubate extensible markets,0.4939
"Name: Moore, Franklin and Mcgee",Purpose: Networked leadingedge collaboration for repurpose visionary deliverables,0.4939
Name: Owens Ltd,Purpose: Monitored actuating migration for reinvent out-of-the-box bandwidth,0.4939
Name: Ali-Cain,Purpose: Extended systematic knowledge user for re-contextualize real-time platforms,0.4939
" ['Name: Douglas PLC', '",: Right-sized multi-tasking capacity for enhance next-generation info-mediaries',0.4939
"Name: Wilson, Bryant and Morrison,",: Progressive executive hub for leverage front-end architectures,0.5106
22)Anderson PLC,  Diverse composite software for engage scalable users,0.5267
"Name: Norton, Santana and Evans,",: Automated reciprocal service-desk for unleash virtual e-commerce,0.5267
"33)Harris, Shields and Mason",  Switchable eco-centric application for harness viral networks,0.5267
Name: Phillips Group,Purpose: Innovative scalable artificial intelligence for orchestrate virtual models,0.5267
Name: Medina-Dorsey,Purpose: Seamless interactive concept for aggregate killer e-markets,0.5267
'Name: Grant-Nichols','Purpose: Automated background frame for evolve best-of-breed paradigms',0.5267
Name: Levy LLC,Purpose: Optimized system-worthy workforce for harness bleeding-edge schemas,0.5267
Name: Reynolds and Sons,Purpose: Up-sized multimedia adapter for integrate rich experiences,0.5267
47)Morgan-Robbins,  Organic methodical projection for transition robust synergies,0.5267
" ['Name: Jacobs, Parker and Murphy', '",: Inverse optimizing support for e-enable mission-critical ROI',0.5267
" ['Name: Hartman-Ashley', '",: User-friendly solution-oriented knowledge user for monetize bleeding-edge paradigms',0.5423
14)Brown PLC,  Decentralized interactive emulation for envisioneer compelling vortals,0.5423
"Name: Fleming Ltd,",: Compatible maximized artificial intelligence for orchestrate sticky ROI,0.5423
'Name: Allen-Casey','Purpose: Advanced context-sensitive portal for architect compelling platforms',0.5423
36)Flores-Butler,  Distributed needs-based alliance for integrate leading-edge channels,0.5423
" ['Name: Torres, Mullen and Wallace', '",: De-engineered value-added approach for scale cross-platform systems',0.5423
"'Name: Peterson, Hernandez and Snyder'",'Purpose: Ergonomic 5thgeneration solution for orchestrate e-business niches',0.5423
" ['Name: Coleman-Snyder', '",: Secured 5thgeneration workforce for utilize sexy interfaces',0.5423
" ['Name: Martinez-Briggs', '",: Triple-buffered client-driven strategy for architect clicks-and-mortar mindshare',0.5574
"Name: Fleming Inc,",: Implemented intermediate matrices for orchestrate magnetic experiences,0.5574
"Name: Dawson, Cardenas and Flores,",: Phased local access for integrate B2C web-readiness,0.5574
"Name: Kim, Schultz and Johnson,",: Visionary asymmetric frame for syndicate collaborative channels,0.5574
"Name: Smith, Bates and Yates,",: Universal tertiary utilization for revolutionize compelling markets,0.5574
'Name: Lee Group',('Purpose: Multi-channeled needs-based help-desk for evolve open-source ''e-business'),0.5574
"Name: Moore, Diaz and Stevens",Purpose: Devolved empowering complexity for transition virtual metrics,0.5574
French-Daniel, Exclusive motivating monitoring for syndicate strategic paradigms,0.5719
Name: Marshall LLC,Purpose: Monitored stable artificial intelligence for drive front-end schemas,0.5719
Name: Wise-Boyd,Purpose: Quality-focused even-keeled encryption for e-enable leading-edge e-tailers,0.5719
Morgan Inc,Self-enabling tangible migration for repurpose bleeding-edge portals,0.5719
Horton-Carter,Progressive static toolset for engage clicks-and-mortar systems,0.5719
Morrison and Sons, Mandatory disintermediate neural-net for envisioneer visionary markets,0.5719
Stokes and Sons,Mandatory motivating complexity for re-contextualize sexy platforms,0.5719
" ['Name: Lyons-Sweeney', '",: Enhanced responsive knowledgebase for reinvent viral technologies',0.5719
Name: Bentley Inc,Purpose: Synergistic asymmetric standardization for scale enterprise schemas,0.5719
"Le, Chan and Coleman",Ergonomic asynchronous alliance for cultivate sexy portals,0.5719
Name: Turner Group,Purpose: Phased eco-centric open architecture for exploit one-to-one content,0.5719
Name: Ellis Group,Purpose: Stand-alone grid-enabled encoding for expedite one-to-one networks,0.5994
"Name: Anderson LLC,",: Digitized analyzing secured line for synthesize efficient e-tailers,0.5994
Name: Shepard and Sons,Purpose: Profit-focused homogeneous access for morph virtual methodologies,0.6124
Larson-Steele,Enhanced directional pricing structure for empower sticky interfaces,0.6124
"Smith, Dawson and Brooks",Business-focused cohesive protocol for orchestrate proactive vortals,0.6124
"Robertson, Powell and Wise", Phased 6thgeneration hierarchy for engage dynamic convergence,0.6124
" ['Name: Tyler, Lin and Osborn', '",: Expanded next generation circuit for orchestrate e-business communities']],0.6249
0)Logan Inc,  Focused executive interface for visualize mission-critical niches,0.6249
Montgomery PLC, Extended radical secured line for engage world-class technologies,0.6249
Hicks LLC,Profound tertiary encryption for synergize out-of-the-box portals,0.6249
"Kramer, Barber and Carpenter",Sharable intermediate process improvement for synergize seamless metrics,0.6249
Name: Bowman-Romero,Purpose: De-engineered maximized application for target one-to-one communities,0.6249
Name: Butler and Sons,Purpose: Fundamental contextually-based challenge for embrace revolutionary systems,0.6249
Orr-Pierce,Polarized dedicated encoding for strategize plug-and-play methodologies,0.6249
Haney and Sons,Customer-focused motivating complexity for scale one-to-one initiatives,0.6249
Gonzalez and Sons, Robust 3rdgeneration secured line for incubate global solutions,0.6249
"Name: Melendez, Tyler and Hammond",Purpose: Cross-group scalable customer loyalty for incentivize web-enabled action-items,0.6249
Name: Mcclure Inc,Purpose: Enhanced coherent moderator for enable next-generation e-services,0.6369
Ball LLC,Exclusive intangible Graphic Interface for target back-end methodologies,0.6369
" ['Name: Jimenez and Sons', '",: Exclusive demand-driven workforce for brand cross-platform communities',0.6369
"Miller, Sanders and Griffith",Cross-platform human-resource migration for orchestrate collaborative supply-chains,0.6369
Wright PLC, Profit-focused web-enabled customer loyalty for extend collaborative paradigms,0.6369
Name: Rodriguez Ltd,Purpose: Self-enabling encompassing orchestration for facilitate e-business functionalities,0.6486
"Name: Aguilar LLC,",: Customer-focused hybrid database for optimize e-business models,0.6486
" ['Name: Jackson Group', '",: Ergonomic secondary archive for reinvent revolutionary e-services',0.6705
"Norman, Lindsey and Schmidt", Expanded responsive emulation for optimize 24/7 eyeballs,0.6908
"Dixon, Calderon and Russell",Intuitive mission-critical protocol for benchmark visionary e-markets,0.6908
Smith-Curtis,Cloned contextually-based extranet for reinvent innovative web services,0.6908
Name: Delgado Group,Purpose: Synergized full-range framework for exploit B2B web-readiness,0.6908
"Name: Hicks, Griffin and Juarez",Purpose: Vision-oriented foreground implementation for envisioneer viral web-readiness,0.6908
" ['Name: Herrera, Miller and Bryan', '",: Networked user-facing workforce for utilize magnetic web services',0.7184
Name: Sanders Inc,Purpose: Stand-alone bandwidth-monitored budgetary management for enhance intuitive e-services,0.7269
"Name: Miller, Brewer and Freeman",Purpose: Reverse-engineered clear-thinking budgetary management for visualize viral interfaces,0.7269
"Name: Turner-Nelson,",: Programmable local website for visualize enterprise supply-chains,0.743
'Name: Morales LLC','Purpose: Networked mobile moratorium for enhance viral niches',0.765
"Name: Merritt Ltd,",: Sharable maximized moratorium for empower cutting-edge niches,0.7717
Name: Mcdonald-Johnson,Purpose: Cross-group motivating instruction set for aggregate 24/365 portals,0.7783
21)Harrison-Cruz,  Optimized executive matrix for cultivate extensible markets,0.7845
Name: King Inc,Purpose: Face-to-face composite firmware for productize frictionless users,0.7906
